iter,weights_learned,regret,preferred_solution,computed_solution
20,"{'makespan': 1.103233308851817, 'workstations': 0.9499999999999998, 'employees': 1.2000000000000002, 'robots': 1.3000000000000005, 'employee_time': 1.1038809144072301}",0.7708981603254299,"{'makespan': 0.7922222222222223, 'workstations': 7, 'employees': 1, 'robots': 0, 'employee_time': 0.09111111111111111}","{'makespan': 0.53, 'workstations': 5, 'employees': 1, 'robots': 0, 'employee_time': 0.1622222222222222}"
40,"{'makespan': 0.8959885286608607, 'workstations': 1.083333333333333, 'employees': 1.2000000000000002, 'robots': 1.3666666666666674, 'employee_time': 1.1303561935140882}",0.7051051015347827,"{'makespan': 0.7922222222222223, 'workstations': 7, 'employees': 1, 'robots': 0, 'employee_time': 0.09111111111111111}","{'makespan': 1.15, 'workstations': 4, 'employees': 1, 'robots': 0, 'employee_time': 0.15555555555555556}"
60,"{'makespan': 0.8507589270101069, 'workstations': 1.0333333333333328, 'employees': 1.2000000000000002, 'robots': 1.3666666666666674, 'employee_time': 1.1282296650717705}",0.7051051015347827,"{'makespan': 0.7922222222222223, 'workstations': 7, 'employees': 1, 'robots': 0, 'employee_time': 0.09111111111111111}","{'makespan': 1.15, 'workstations': 4, 'employees': 1, 'robots': 0, 'employee_time': 0.15555555555555556}"
80,"{'makespan': 0.5852656244535368, 'workstations': 1.2166666666666652, 'employees': 1.2000000000000002, 'robots': 1.3666666666666674, 'employee_time': 1.1484316852737915}",0.7051051015347827,"{'makespan': 0.7922222222222223, 'workstations': 7, 'employees': 1, 'robots': 0, 'employee_time': 0.09111111111111111}","{'makespan': 1.15, 'workstations': 4, 'employees': 1, 'robots': 0, 'employee_time': 0.15555555555555556}"
