iter,weights_learned,regret,preferred_solution,computed_solution
20,"{'makespan': 0.900001748679747, 'workstations': 0.5666666666666665, 'employees': 0.75, 'robots': 0.6666666666666667, 'employee_time': 1.410313662945242}",1.6635002925513158,"{'makespan': 0.7788888888888889, 'workstations': 7, 'employees': 1, 'robots': 1, 'employee_time': 0.057777777777777775}","{'makespan': 1.15, 'workstations': 4, 'employees': 1, 'robots': 0, 'employee_time': 0.15555555555555556}"
40,"{'makespan': 0.7808991711258002, 'workstations': 0.6666666666666669, 'employees': 0.8500000000000001, 'robots': 0.5333333333333334, 'employee_time': 1.45156831472621}",1.6635002925513158,"{'makespan': 0.7788888888888889, 'workstations': 7, 'employees': 1, 'robots': 1, 'employee_time': 0.057777777777777775}","{'makespan': 1.15, 'workstations': 4, 'employees': 1, 'robots': 0, 'employee_time': 0.15555555555555556}"
60,"{'makespan': 0.6065383135732524, 'workstations': 0.7666666666666672, 'employees': 0.8500000000000001, 'robots': 0.5333333333333334, 'employee_time': 1.6447634237107926}",1.6635002925513158,"{'makespan': 0.7788888888888889, 'workstations': 7, 'employees': 1, 'robots': 1, 'employee_time': 0.057777777777777775}","{'makespan': 1.15, 'workstations': 4, 'employees': 1, 'robots': 0, 'employee_time': 0.15555555555555556}"
80,"{'makespan': 0.6063197286049034, 'workstations': 0.716666666666667, 'employees': 0.8500000000000001, 'robots': 0.3666666666666668, 'employee_time': 1.7911749069643816}",1.6635002925513158,"{'makespan': 0.7788888888888889, 'workstations': 7, 'employees': 1, 'robots': 1, 'employee_time': 0.057777777777777775}","{'makespan': 1.15, 'workstations': 4, 'employees': 1, 'robots': 0, 'employee_time': 0.15555555555555556}"
