iter,weights_learned,regret,preferred_solution,computed_solution
20,"{'makespan': 13.910002349077757, 'workstations': 0.00010000000000021103, 'employees': 10.0001, 'robots': 6.666766666666668, 'employee_time': 12.248036387026682}",1.1152929540425183,"{'makespan': 0.7788888888888889, 'workstations': 7, 'employees': 1, 'robots': 1, 'employee_time': 0.057777777777777775}","{'makespan': 0.5355555555555556, 'workstations': 7, 'employees': 1, 'robots': 0, 'employee_time': 0.12333333333333334}"
40,"{'makespan': 13.910002349077757, 'workstations': 0.00010000000000021103, 'employees': 10.0001, 'robots': 6.666766666666668, 'employee_time': 12.248036387026682}",1.1152929540425183,"{'makespan': 0.7788888888888889, 'workstations': 7, 'employees': 1, 'robots': 1, 'employee_time': 0.057777777777777775}","{'makespan': 0.5355555555555556, 'workstations': 7, 'employees': 1, 'robots': 0, 'employee_time': 0.12333333333333334}"
60,"{'makespan': 13.910002349077757, 'workstations': 0.00010000000000021103, 'employees': 10.0001, 'robots': 6.666766666666668, 'employee_time': 12.248036387026682}",1.1152929540425183,"{'makespan': 0.7788888888888889, 'workstations': 7, 'employees': 1, 'robots': 1, 'employee_time': 0.057777777777777775}","{'makespan': 0.5355555555555556, 'workstations': 7, 'employees': 1, 'robots': 0, 'employee_time': 0.12333333333333334}"
80,"{'makespan': 13.910002349077757, 'workstations': 0.00010000000000021103, 'employees': 10.0001, 'robots': 6.666766666666668, 'employee_time': 12.248036387026682}",1.1152929540425183,"{'makespan': 0.7788888888888889, 'workstations': 7, 'employees': 1, 'robots': 1, 'employee_time': 0.057777777777777775}","{'makespan': 0.5355555555555556, 'workstations': 7, 'employees': 1, 'robots': 0, 'employee_time': 0.12333333333333334}"
