iter,weights_learned,regret,preferred_solution,computed_solution
20,"{'makespan': 1.0860962473332632, 'workstations': 0.9999999999999999, 'employees': 1.2000000000000002, 'robots': 1.3000000000000005, 'employee_time': 1.3900053163211057}",3.3607891312950846,"{'makespan': 0.7922222222222223, 'workstations': 7, 'employees': 1, 'robots': 0, 'employee_time': 0.09111111111111111}","{'makespan': 0.7744444444444445, 'workstations': 4, 'employees': 1, 'robots': 0, 'employee_time': 0.4}"
40,"{'makespan': 0.9788584618612943, 'workstations': 0.9333333333333333, 'employees': 1.2000000000000002, 'robots': 1.500000000000001, 'employee_time': 1.551515151515151}",0.7051051015347827,"{'makespan': 0.7922222222222223, 'workstations': 7, 'employees': 1, 'robots': 0, 'employee_time': 0.09111111111111111}","{'makespan': 1.15, 'workstations': 4, 'employees': 1, 'robots': 0, 'employee_time': 0.15555555555555556}"
60,"{'makespan': 0.9469275696848874, 'workstations': 0.9000000000000001, 'employees': 1.2000000000000002, 'robots': 1.4666666666666677, 'employee_time': 1.5744816586921848}",0.7051051015347827,"{'makespan': 0.7922222222222223, 'workstations': 7, 'employees': 1, 'robots': 0, 'employee_time': 0.09111111111111111}","{'makespan': 1.15, 'workstations': 4, 'employees': 1, 'robots': 0, 'employee_time': 0.15555555555555556}"
80,"{'makespan': 0.9110883782744021, 'workstations': 0.8833333333333336, 'employees': 1.2000000000000002, 'robots': 1.4666666666666677, 'employee_time': 1.7643806485911746}",0.7051051015347827,"{'makespan': 0.7922222222222223, 'workstations': 7, 'employees': 1, 'robots': 0, 'employee_time': 0.09111111111111111}","{'makespan': 1.15, 'workstations': 4, 'employees': 1, 'robots': 0, 'employee_time': 0.15555555555555556}"
