iter,weights_learned,regret,preferred_solution,computed_solution
20,"{'makespan': 1.276431294372748, 'workstations': 0.8166666666666663, 'employees': 1.1500000000000001, 'robots': 1.2000000000000002, 'employee_time': 1.1690590111642745}",0.419637921086449,"{'makespan': 0.37333333333333335, 'workstations': 6, 'employees': 2, 'robots': 0, 'employee_time': 0.6233333333333333}","{'makespan': 0.53, 'workstations': 5, 'employees': 1, 'robots': 0, 'employee_time': 0.1622222222222222}"
40,"{'makespan': 1.3444199629279874, 'workstations': 0.8166666666666663, 'employees': 1.1500000000000001, 'robots': 1.2000000000000002, 'employee_time': 1.1633173843700175}",0.419637921086449,"{'makespan': 0.37333333333333335, 'workstations': 6, 'employees': 2, 'robots': 0, 'employee_time': 0.6233333333333333}","{'makespan': 0.53, 'workstations': 5, 'employees': 1, 'robots': 0, 'employee_time': 0.1622222222222222}"
60,"{'makespan': 1.404854334977089, 'workstations': 0.8166666666666663, 'employees': 1.1500000000000001, 'robots': 1.2000000000000002, 'employee_time': 1.1582137161084558}",0.419637921086449,"{'makespan': 0.37333333333333335, 'workstations': 6, 'employees': 2, 'robots': 0, 'employee_time': 0.6233333333333333}","{'makespan': 0.53, 'workstations': 5, 'employees': 1, 'robots': 0, 'employee_time': 0.1622222222222222}"
80,"{'makespan': 1.480397300038466, 'workstations': 0.8166666666666663, 'employees': 1.1500000000000001, 'robots': 1.2000000000000002, 'employee_time': 1.1518341307815037}",0.419637921086449,"{'makespan': 0.37333333333333335, 'workstations': 6, 'employees': 2, 'robots': 0, 'employee_time': 0.6233333333333333}","{'makespan': 0.53, 'workstations': 5, 'employees': 1, 'robots': 0, 'employee_time': 0.1622222222222222}"
