iter,weights_learned,regret,preferred_solution,computed_solution
20,"{'makespan': 1.0350435421256954, 'workstations': 0.9333333333333335, 'employees': 1.2000000000000002, 'robots': 1.033333333333333, 'employee_time': 1.231259968102074}",1.7769097896790944,"{'makespan': 0.7788888888888889, 'workstations': 7, 'employees': 1, 'robots': 1, 'employee_time': 0.057777777777777775}","{'makespan': 0.53, 'workstations': 5, 'employees': 1, 'robots': 0, 'employee_time': 0.1622222222222222}"
40,"{'makespan': 0.8820865246738713, 'workstations': 0.9500000000000002, 'employees': 1.2000000000000002, 'robots': 0.9999999999999997, 'employee_time': 1.276342371079214}",1.7769097896790944,"{'makespan': 0.7788888888888889, 'workstations': 7, 'employees': 1, 'robots': 1, 'employee_time': 0.057777777777777775}","{'makespan': 0.53, 'workstations': 5, 'employees': 1, 'robots': 0, 'employee_time': 0.1622222222222222}"
60,"{'makespan': 0.6677770783058787, 'workstations': 1.0499999999999998, 'employees': 1.2000000000000002, 'robots': 0.933333333333333, 'employee_time': 1.298670919723553}",1.6635002925513158,"{'makespan': 0.7788888888888889, 'workstations': 7, 'employees': 1, 'robots': 1, 'employee_time': 0.057777777777777775}","{'makespan': 1.15, 'workstations': 4, 'employees': 1, 'robots': 0, 'employee_time': 0.15555555555555556}"
80,"{'makespan': 0.3674500751932284, 'workstations': 1.233333333333332, 'employees': 1.2000000000000002, 'robots': 0.9666666666666663, 'employee_time': 1.324082934609253}",1.6635002925513158,"{'makespan': 0.7788888888888889, 'workstations': 7, 'employees': 1, 'robots': 1, 'employee_time': 0.057777777777777775}","{'makespan': 1.15, 'workstations': 4, 'employees': 1, 'robots': 0, 'employee_time': 0.15555555555555556}"
