iter,weights_learned,regret,preferred_solution,computed_solution
20,"{'makespan': 1.7352323995383487, 'workstations': 0.16676666666666684, 'employees': 2.0, 'robots': 1.3333333333333335, 'employee_time': 2.197235513024986}",1.1152929540425183,"{'makespan': 0.7788888888888889, 'workstations': 7, 'employees': 1, 'robots': 1, 'employee_time': 0.057777777777777775}","{'makespan': 0.5355555555555556, 'workstations': 7, 'employees': 1, 'robots': 0, 'employee_time': 0.12333333333333334}"
40,"{'makespan': 1.3736054279019345, 'workstations': 0.0001000000000000445, 'employees': 2.0, 'robots': 1.0000000000000002, 'employee_time': 2.6608187134502916}",1.1152929540425183,"{'makespan': 0.7788888888888889, 'workstations': 7, 'employees': 1, 'robots': 1, 'employee_time': 0.057777777777777775}","{'makespan': 0.5355555555555556, 'workstations': 7, 'employees': 1, 'robots': 0, 'employee_time': 0.12333333333333334}"
60,"{'makespan': 0.9144895603819119, 'workstations': 0.16676666666666673, 'employees': 2.0, 'robots': 1.0000000000000002, 'employee_time': 3.0180754917597024}",0.5671004357019178,"{'makespan': 0.7788888888888889, 'workstations': 7, 'employees': 1, 'robots': 1, 'employee_time': 0.057777777777777775}","{'makespan': 0.7922222222222223, 'workstations': 7, 'employees': 1, 'robots': 0, 'employee_time': 0.09111111111111111}"
80,"{'makespan': 0.8655265274717587, 'workstations': 0.16676666666666673, 'employees': 2.0, 'robots': 1.0000000000000002, 'employee_time': 3.049973418394472}",0.5671004357019178,"{'makespan': 0.7788888888888889, 'workstations': 7, 'employees': 1, 'robots': 1, 'employee_time': 0.057777777777777775}","{'makespan': 0.7922222222222223, 'workstations': 7, 'employees': 1, 'robots': 0, 'employee_time': 0.09111111111111111}"
