iter,weights_learned,regret,preferred_solution,computed_solution
20,"{'makespan': 1.2322771307662712, 'workstations': 0.8999999999999999, 'employees': 0.95, 'robots': 0.9333333333333333, 'employee_time': 1.0676236044657101}",0.7470171117106382,"{'makespan': 0.37333333333333335, 'workstations': 6, 'employees': 2, 'robots': 0, 'employee_time': 0.6233333333333333}","{'makespan': 0.6522222222222223, 'workstations': 4, 'employees': 1, 'robots': 0, 'employee_time': 0.49777777777777776}"
40,"{'makespan': 1.297196866365894, 'workstations': 0.8666666666666665, 'employees': 0.95, 'robots': 0.9333333333333333, 'employee_time': 1.0082934609250402}",0.7470171117106382,"{'makespan': 0.37333333333333335, 'workstations': 6, 'employees': 2, 'robots': 0, 'employee_time': 0.6233333333333333}","{'makespan': 0.6522222222222223, 'workstations': 4, 'employees': 1, 'robots': 0, 'employee_time': 0.49777777777777776}"
60,"{'makespan': 1.3644248592312809, 'workstations': 0.8499999999999998, 'employees': 0.95, 'robots': 0.9333333333333333, 'employee_time': 0.9738437001594903}",0.7470171117106382,"{'makespan': 0.37333333333333335, 'workstations': 6, 'employees': 2, 'robots': 0, 'employee_time': 0.6233333333333333}","{'makespan': 0.6522222222222223, 'workstations': 4, 'employees': 1, 'robots': 0, 'employee_time': 0.49777777777777776}"
80,"{'makespan': 1.385164201028225, 'workstations': 0.7333333333333328, 'employees': 0.95, 'robots': 0.7333333333333334, 'employee_time': 1.042743221690591}",0.7470171117106382,"{'makespan': 0.37333333333333335, 'workstations': 6, 'employees': 2, 'robots': 0, 'employee_time': 0.6233333333333333}","{'makespan': 0.6522222222222223, 'workstations': 4, 'employees': 1, 'robots': 0, 'employee_time': 0.49777777777777776}"
