iter,weights_learned,regret,preferred_solution,computed_solution
20,"{'makespan': 1.0472580701570315, 'workstations': 1.2000000000000002, 'employees': 1.3000000000000003, 'robots': 1.4000000000000008, 'employee_time': 0.8085061137692717}",9.891952067073394,"{'makespan': 0.7922222222222223, 'workstations': 7, 'employees': 1, 'robots': 0, 'employee_time': 0.09111111111111111}","{'makespan': 1.0166666666666666, 'workstations': 3, 'employees': 1, 'robots': 0, 'employee_time': 1.0}"
40,"{'makespan': 1.0941489175672363, 'workstations': 0.8833333333333337, 'employees': 1.3000000000000003, 'robots': 1.4666666666666677, 'employee_time': 1.4435938330675175}",3.3607891312950846,"{'makespan': 0.7922222222222223, 'workstations': 7, 'employees': 1, 'robots': 0, 'employee_time': 0.09111111111111111}","{'makespan': 0.7744444444444445, 'workstations': 4, 'employees': 1, 'robots': 0, 'employee_time': 0.4}"
60,"{'makespan': 0.9307173084321333, 'workstations': 0.8500000000000004, 'employees': 1.3000000000000003, 'robots': 1.4666666666666677, 'employee_time': 1.8083997873471562}",0.7051051015347827,"{'makespan': 0.7922222222222223, 'workstations': 7, 'employees': 1, 'robots': 0, 'employee_time': 0.09111111111111111}","{'makespan': 1.15, 'workstations': 4, 'employees': 1, 'robots': 0, 'employee_time': 0.15555555555555556}"
80,"{'makespan': 0.7939180918406598, 'workstations': 0.8666666666666674, 'employees': 1.3000000000000003, 'robots': 1.566666666666668, 'employee_time': 2.002126528442318}",0.7051051015347827,"{'makespan': 0.7922222222222223, 'workstations': 7, 'employees': 1, 'robots': 0, 'employee_time': 0.09111111111111111}","{'makespan': 1.15, 'workstations': 4, 'employees': 1, 'robots': 0, 'employee_time': 0.15555555555555556}"
