iter,weights_learned,regret,preferred_solution,computed_solution
20,"{'makespan': 0.8363148323016125, 'workstations': 0.7666666666666667, 'employees': 0.8, 'robots': 0.7666666666666667, 'employee_time': 1.3950026581605535}",1.6635002925513158,"{'makespan': 0.7788888888888889, 'workstations': 7, 'employees': 1, 'robots': 1, 'employee_time': 0.057777777777777775}","{'makespan': 1.15, 'workstations': 4, 'employees': 1, 'robots': 0, 'employee_time': 0.15555555555555556}"
40,"{'makespan': 0.7493355016962197, 'workstations': 0.7666666666666667, 'employees': 0.9000000000000001, 'robots': 0.6666666666666667, 'employee_time': 1.6788942052099949}",1.6635002925513158,"{'makespan': 0.7788888888888889, 'workstations': 7, 'employees': 1, 'robots': 1, 'employee_time': 0.057777777777777775}","{'makespan': 1.15, 'workstations': 4, 'employees': 1, 'robots': 0, 'employee_time': 0.15555555555555556}"
60,"{'makespan': 0.635741265344665, 'workstations': 0.8166666666666669, 'employees': 0.9000000000000001, 'robots': 0.6333333333333334, 'employee_time': 1.8626262626262629}",1.6635002925513158,"{'makespan': 0.7788888888888889, 'workstations': 7, 'employees': 1, 'robots': 1, 'employee_time': 0.057777777777777775}","{'makespan': 1.15, 'workstations': 4, 'employees': 1, 'robots': 0, 'employee_time': 0.15555555555555556}"
80,"{'makespan': 0.6317717623194486, 'workstations': 0.7666666666666668, 'employees': 0.9000000000000001, 'robots': 0.5000000000000001, 'employee_time': 2.0190324295587456}",1.6635002925513158,"{'makespan': 0.7788888888888889, 'workstations': 7, 'employees': 1, 'robots': 1, 'employee_time': 0.057777777777777775}","{'makespan': 1.15, 'workstations': 4, 'employees': 1, 'robots': 0, 'employee_time': 0.15555555555555556}"
