iter,weights_learned,regret,preferred_solution,computed_solution
20,"{'makespan': 4.003702280278391, 'workstations': 0.00010000000000021103, 'employees': 5.0001, 'robots': 6.666766666666668, 'employee_time': 10.398824082934603}",1.0982798522811348,"{'makespan': 0.7788888888888889, 'workstations': 7, 'employees': 1, 'robots': 1, 'employee_time': 0.057777777777777775}","{'makespan': 0.5355555555555556, 'workstations': 7, 'employees': 1, 'robots': 0, 'employee_time': 0.12333333333333334}"
40,"{'makespan': 0.0001, 'workstations': 1.6667666666666676, 'employees': 5.0001, 'robots': 6.666766666666668, 'employee_time': 13.28027012227538}",0.5500971099398688,"{'makespan': 0.7788888888888889, 'workstations': 7, 'employees': 1, 'robots': 1, 'employee_time': 0.057777777777777775}","{'makespan': 1.3655555555555556, 'workstations': 5, 'employees': 1, 'robots': 0, 'employee_time': 0.09111111111111111}"
60,"{'makespan': 0.0001, 'workstations': 1.6667666666666676, 'employees': 5.0001, 'robots': 6.666766666666668, 'employee_time': 15.76830839978735}",0.5500971099398688,"{'makespan': 0.7788888888888889, 'workstations': 7, 'employees': 1, 'robots': 1, 'employee_time': 0.057777777777777775}","{'makespan': 1.3655555555555556, 'workstations': 5, 'employees': 1, 'robots': 0, 'employee_time': 0.09111111111111111}"
80,"{'makespan': 0.4635001328996612, 'workstations': 3.3334333333333346, 'employees': 5.0001, 'robots': 6.666766666666668, 'employee_time': 17.59712286018076}",0.5500971099398688,"{'makespan': 0.7788888888888889, 'workstations': 7, 'employees': 1, 'robots': 1, 'employee_time': 0.057777777777777775}","{'makespan': 1.3655555555555556, 'workstations': 5, 'employees': 1, 'robots': 0, 'employee_time': 0.09111111111111111}"
