makespan,workstations,employees,robots,employee_time
0.37333333333333335,3.0,1.0,0.0,0.057777777777777775
