makespan,workstations,employees,robots,employee_time
0.3022222222222222,3.0,1.0,0.0,0.057777777777777775
