iter,weights_learned,regret,preferred_solution,computed_solution
20,"{'makespan': 0.7215003255273837, 'workstations': 0.16676666666666673, 'employees': 1.0001, 'robots': 0.0001, 'employee_time': 9.873344913627983}",0.03185788953369355,"{'makespan': 1.3677777777777778, 'workstations': 5, 'employees': 1, 'robots': 1, 'employee_time': 0.057777777777777775}","{'makespan': 0.7788888888888889, 'workstations': 7, 'employees': 1, 'robots': 1, 'employee_time': 0.057777777777777775}"
40,"{'makespan': 0.9441348338761792, 'workstations': 0.16676666666666673, 'employees': 1.0001, 'robots': 0.6667666666666667, 'employee_time': 16.713735793106814}",0.5628069426978708,"{'makespan': 1.3677777777777778, 'workstations': 5, 'employees': 1, 'robots': 1, 'employee_time': 0.057777777777777775}","{'makespan': 0.7922222222222223, 'workstations': 7, 'employees': 1, 'robots': 0, 'employee_time': 0.09111111111111111}"
60,"{'makespan': 1.0395496231685202, 'workstations': 0.16676666666666673, 'employees': 1.0001, 'robots': 0.6667666666666667, 'employee_time': 19.64533188431202}",0.03185788953369355,"{'makespan': 1.3677777777777778, 'workstations': 5, 'employees': 1, 'robots': 1, 'employee_time': 0.057777777777777775}","{'makespan': 0.7788888888888889, 'workstations': 7, 'employees': 1, 'robots': 1, 'employee_time': 0.057777777777777775}"
80,"{'makespan': 1.7090071010757801, 'workstations': 0.16676666666666673, 'employees': 1.0001, 'robots': 0.6667666666666667, 'employee_time': 22.391425224526564}",0.03185788953369355,"{'makespan': 1.3677777777777778, 'workstations': 5, 'employees': 1, 'robots': 1, 'employee_time': 0.057777777777777775}","{'makespan': 0.7788888888888889, 'workstations': 7, 'employees': 1, 'robots': 1, 'employee_time': 0.057777777777777775}"
